Date,NVDA,Nasdaq,AMD,META,GOOGL,GOOG,TSLA,MSFT,AMZN,AAPL,INTC,AVGO
2023-01-03,14.302286148071289,10386.98046875,64.0199966430664,124.05940246582031,88.58870697021484,89.16995239257812,108.0999984741211,234.80894470214844,85.81999969482422,123.47061920166016,25.775142669677734,53.11102294921875
2023-01-04,14.735899925231934,10458.759765625,64.66000366210938,126.67506408691406,87.55490112304688,88.1858139038086,113.63999938964844,224.5376739501953,85.13999938964844,124.7441177368164,26.691205978393555,53.75969314575195
2023-01-05,14.252331733703613,10305.240234375,62.33000183105469,126.24739837646484,85.68611145019531,86.25727081298828,110.33999633789062,217.8828582763672,83.12000274658203,123.42125701904297,26.57549285888672,53.258792877197266
2023-01-06,14.845804214477539,10569.2900390625,63.959999084472656,129.3105926513672,86.81930541992188,87.63906860351562,113.05999755859375,220.45068359375,86.08000183105469,127.9624252319336,27.70370101928711,56.46475601196289
2023-01-09,15.61412239074707,10635.650390625,67.23999786376953,128.76361083984375,87.49525451660156,88.27527618408203,119.7699966430664,222.59707641601562,87.36000061035156,128.48565673828125,28.262981414794922,55.357398986816406
2023-01-10,15.89487075805664,10742.6298828125,68.05000305175781,132.26438903808594,87.89287567138672,88.71267700195312,118.8499984741211,224.29263305664062,89.87000274658203,129.05821228027344,28.38833999633789,55.16932678222656
2023-01-11,15.986788749694824,10931.669921875,69.05999755859375,132.16494750976562,90.9743881225586,91.71483612060547,123.22000122070312,231.0748291015625,95.08999633789062,131.78294372558594,28.783693313598633,55.47734832763672
2023-01-12,16.496334075927734,11001.099609375,70.80000305175781,135.96409606933594,90.58670806884766,91.36690521240234,123.55999755859375,233.76023864746094,95.2699966430664,131.70394897460938,29.207975387573242,55.84199142456055
2023-01-13,16.88399314880371,11079.16015625,71.0,136.23263549804688,91.57081604003906,92.25164794921875,122.4000015258789,234.46591186523438,98.12000274658203,133.03671264648438,29.034406661987305,55.55987548828125
2023-01-17,17.686277389526367,11095.1103515625,71.58999633789062,134.6214599609375,90.74576568603516,91.61543273925781,131.49000549316406,235.5635986328125,96.05000305175781,134.20159912109375,28.54262351989746,55.58290100097656
2023-01-18,17.361568450927734,10957.009765625,70.52999877929688,132.29425048828125,90.5767822265625,91.23766326904297,128.77999877929688,231.11399841308594,95.45999908447266,133.48097229003906,27.780841827392578,55.107913970947266
2023-01-19,16.75010871887207,10852.26953125,67.70999908447266,135.40713500976562,92.49527740478516,93.35509490966797,127.16999816894531,227.311279296875,93.68000030517578,133.5402069091797,27.404773712158203,54.0456428527832
2023-01-20,17.823156356811523,11140.4296875,70.06999969482422,138.6095733642578,97.43563842773438,98.69335174560547,133.4199981689453,235.4362030029297,97.25,136.10693359375,28.17619514465332,54.771095275878906
2023-01-23,19.17595672607422,11364.41015625,76.52999877929688,142.48829650878906,99.19509887695312,100.61194610595703,143.75,237.74920654296875,97.5199966430664,139.30551147460938,29.188692092895508,55.8122444152832
2023-01-24,19.247888565063477,11334.26953125,74.69999694824219,142.35897827148438,97.1175537109375,98.6237564086914,143.88999938964844,237.219970703125,96.31999969482422,140.7073211669922,28.851192474365234,56.13850784301758
2023-01-25,19.30584144592285,11313.3603515625,74.91000366210938,140.72796630859375,94.65234375,96.1584243774414,144.42999267578125,235.8184051513672,97.18000030517578,140.04591369628906,28.639047622680664,56.20087814331055
2023-01-26,19.78441619873047,11512.41015625,75.16000366210938,146.49632263183594,96.9386215209961,98.5740737915039,160.27000427246094,243.06129455566406,99.22000122070312,142.1190948486328,29.015119552612305,57.43873596191406
2023-01-27,20.346912384033203,11621.7099609375,75.4000015258789,150.91207885742188,98.77760314941406,100.11489868164062,177.89999389648438,243.21810913085938,102.23999786376953,144.0638427734375,27.15406036376953,56.71041488647461
2023-01-30,19.144981384277344,11393.8095703125,72.44999694824219,146.2576141357422,96.36209106445312,97.37120056152344,166.66000366210938,237.8766326904297,100.55000305175781,141.1713409423828,26.95156478881836,55.79497528076172
2023-01-31,19.519649505615234,11584.5498046875,75.1500015258789,148.15721130371094,98.2507553100586,99.27987670898438,173.22000122070312,242.87506103515625,103.12999725341797,142.44482421875,27.250490188598633,56.1365852355957
2023-02-01,20.924402236938477,11816.3203125,84.63999938964844,152.2845458984375,99.83128356933594,100.83064270019531,181.41000366210938,247.7166748046875,105.1500015258789,143.5702362060547,28.03155517578125,57.83888244628906
2023-02-02,21.689722061157227,12200.8203125,88.30999755859375,187.74005126953125,107.09769439697266,108.15709686279297,188.27000427246094,259.3306579589844,112.91000366210938,148.89134216308594,29.111547470092773,58.128684997558594
2023-02-03,21.081260681152344,12006.9501953125,86.08999633789062,185.51226806640625,104.15534210205078,104.59825897216797,189.97999572753906,253.20516967773438,103.38999938964844,152.52427673339844,29.236902236938477,57.346622467041016
2023-02-06,21.070270538330078,11887.4501953125,83.68000030517578,185.04483032226562,102.28656005859375,102.85859680175781,194.75999450683594,251.6566162109375,102.18000030517578,149.78968811035156,28.002227783203125,57.699745178222656
2023-02-07,22.153308868408203,12113.7900390625,85.91000366210938,190.5745086669922,106.99828338623047,107.40159606933594,196.80999755859375,262.2317199707031,102.11000061035156,152.67233276367188,28.353595733642578,58.96159362792969
2023-02-08,22.185277938842773,11910.51953125,84.69000244140625,182.42918395996094,98.77760314941406,99.40909576416016,201.2899932861328,261.41827392578125,100.05000305175781,149.97726440429688,27.563013076782227,57.73908615112305
2023-02-09,22.317161560058594,11789.580078125,83.20999908447266,176.94923400878906,94.4435806274414,94.89592742919922,207.32000732421875,258.37017822265625,98.23999786376953,148.940673828125,27.065242767333984,57.51838684082031
2023-02-10,21.246112823486328,11718.1201171875,81.4800033569336,173.19979858398438,94.00621032714844,94.29946899414062,196.88999938964844,257.8605651855469,97.61000061035156,149.3065185546875,27.133562088012695,56.92728042602539
2023-02-13,21.768648147583008,11891.7900390625,83.12999725341797,178.4509735107422,94.04597473144531,94.43863677978516,194.63999938964844,265.9168701171875,99.54000091552734,152.11447143554688,27.865583419799805,57.68247604370117
2023-02-14,22.950597763061523,11960.150390625,85.94999694824219,178.500732421875,94.11557006835938,94.3889389038086,209.25,266.7499694824219,99.69999694824219,151.4718475341797,27.95342254638672,57.79665756225586
2023-02-15,22.74378204345703,12070.58984375,85.18000030517578,176.19338989257812,96.36209106445312,96.52622985839844,214.24000549316406,264.6178894042969,101.16000366210938,153.57778930664062,28.15839195251465,58.312923431396484
2023-02-16,21.982460021972656,11855.830078125,80.08000183105469,171.4991455078125,94.94060516357422,95.21403503417969,202.0399932861328,257.5729675292969,98.1500015258789,151.97605895996094,27.523975372314453,57.62681579589844
2023-02-17,21.369003295898438,11787.26953125,78.5,171.93673706054688,93.78752136230469,94.03106689453125,208.30999755859375,253.55442810058594,97.19999694824219,150.8291473388672,26.948118209838867,57.15182113647461
2023-02-21,20.636655807495117,11492.2998046875,76.7699966430664,171.14111328125,91.24279022216797,91.50607299804688,197.3699951171875,248.25852966308594,94.58000183105469,146.80506896972656,25.43527603149414,55.80360794067383
2023-02-22,20.73556900024414,11507.0703125,76.61000061035156,170.18634033203125,91.10362243652344,91.25755310058594,200.86000061035156,247.1187744140625,95.79000091552734,147.23020935058594,24.85941505432129,55.28831100463867
2023-02-23,23.642982482910156,11590.400390625,79.75,171.101318359375,90.34815216064453,90.5318603515625,202.07000732421875,250.3218536376953,95.81999969482422,147.7146759033203,24.996063232421875,56.020477294921875
2023-02-24,23.26531982421875,11394.9404296875,78.08999633789062,169.4603271484375,88.59864044189453,88.822021484375,196.8800048828125,244.86875915527344,93.5,145.05502319335938,24.537330627441406,55.43993377685547
2023-02-27,23.480125427246094,11466.98046875,78.7699966430664,168.6149444580078,89.33424377441406,89.56759643554688,207.6300048828125,245.79237365722656,93.76000213623047,146.2513885498047,24.30307960510254,56.178802490234375
2023-02-28,23.19537925720215,11455.5400390625,78.58000183105469,173.98550415039062,89.5230941772461,89.76641082763672,205.7100067138672,245.06529235839844,94.2300033569336,145.7471160888672,24.33236312866211,57.02708053588867
2023-03-01,22.677841186523438,11379.48046875,78.29000091552734,172.4738006591797,89.8213119506836,89.97517395019531,202.77000427246094,241.97027587890625,92.16999816894531,143.67080688476562,24.722774505615234,56.957984924316406
2023-03-02,23.29329490661621,11462.98046875,80.44000244140625,173.57774353027344,91.45153045654297,91.76454162597656,190.89999389648438,246.7257843017578,92.12999725341797,144.26405334472656,25.571916580200195,57.44546127319336
2023-03-03,23.868783950805664,11689.009765625,81.5199966430664,184.23924255371094,93.0916976928711,93.46443176269531,197.7899932861328,250.83277893066406,94.9000015258789,149.32627868652344,25.767122268676758,60.71859359741211
2023-03-06,23.5330810546875,11675.740234375,81.16000366210938,183.89114379882812,94.5628662109375,95.01521301269531,193.80999755859375,252.3852081298828,93.75,152.09474182128906,25.3669490814209,60.73394775390625
2023-03-07,23.271268844604492,11530.330078125,82.11000061035156,183.50328063964844,93.30044555664062,93.61354064941406,187.7100067138672,249.71270751953125,93.55000305175781,149.88987731933594,24.917978286743164,59.98835372924805
2023-03-08,24.16362762451172,11576.0,85.37000274658203,183.9607696533203,93.68811798095703,94.09071350097656,182.0,249.2705535888672,93.91999816894531,151.14553833007812,25.357192993164062,60.67061996459961
2023-03-09,23.419160842895508,11338.349609375,84.02999877929688,180.6986846923828,91.76962280273438,92.11248016357422,172.9199981689453,247.91464233398438,92.25,148.89125061035156,25.806163787841797,59.73597717285156
2023-03-10,22.948497772216797,11138.8896484375,82.66999816894531,178.53054809570312,90.08970642089844,90.47222137451172,173.44000244140625,244.249755859375,90.7300033569336,146.8248291015625,26.56746482849121,58.99806213378906
2023-03-13,22.94949722290039,11188.83984375,82.01000213623047,179.91297912597656,90.56684112548828,91.11837768554688,174.47999572753906,249.48672485351562,92.43000030517578,148.77261352539062,26.303937911987305,59.15542984008789
2023-03-14,24.04570960998535,11428.150390625,87.44999694824219,192.96139526367188,93.4097900390625,93.69306945800781,183.25999450683594,256.2367858886719,94.87999725341797,150.86868286132812,27.338529586791992,60.6898078918457
2023-03-15,24.210594177246094,11434.0498046875,89.68000030517578,196.6710662841797,95.53702545166016,95.9794921875,180.4499969482422,260.80560302734375,96.19999694824219,151.26417541503906,27.728940963745117,60.07375717163086
2023-03-16,25.52264976501465,11717.2802734375,96.5999984741211,203.81187438964844,99.72193145751953,100.4727783203125,184.1300048828125,271.37774658203125,100.04000091552734,154.0919189453125,29.45650863647461,61.07748031616211
2023-03-17,25.706520080566406,11630.509765625,97.83999633789062,194.542724609375,101.01417541503906,101.85456085205078,180.1300048828125,274.55133056640625,98.94999694824219,153.25149536132812,29.095378875732422,60.54682540893555
2023-03-20,25.88139533996582,11675.5400390625,96.80999755859375,196.73072814941406,100.61656188964844,101.32769012451172,183.25,267.47705078125,97.70999908447266,155.62442016601562,28.46095848083496,61.769344329833984
2023-03-21,26.180179595947266,11860.1103515625,95.93000030517578,201.0570068359375,104.29450988769531,105.21458435058594,197.5800018310547,268.99993896484375,100.61000061035156,157.48321533203125,27.777738571166992,61.54124450683594
2023-03-22,26.448984146118164,11669.9599609375,97.58000183105469,198.7198028564453,102.75375366210938,103.60416412353516,191.14999389648438,267.5359802246094,98.69999694824219,156.0496063232422,27.455652236938477,60.977779388427734
2023-03-23,27.171464920043945,11787.400390625,100.27999877929688,203.16542053222656,104.97045135498047,105.63211059570312,192.22000122070312,272.812255859375,98.70999908447266,157.13714599609375,28.334077835083008,61.780941009521484
2023-03-24,26.759761810302734,11823.9599609375,97.94999694824219,204.88595581054688,104.81141662597656,105.43328094482422,190.41000366210938,275.6714172363281,98.12999725341797,158.44227600097656,28.65616798400879,61.485191345214844
2023-03-27,26.51194190979004,11768.83984375,96.61000061035156,201.7332763671875,101.84917449951172,102.45101928710938,191.80999755859375,271.5545654296875,98.04000091552734,156.49449157714844,28.48048210144043,60.58345413208008
2023-03-28,26.39102554321289,11716.080078125,94.55999755859375,199.58505249023438,100.42770385742188,100.76106262207031,189.19000244140625,270.4246520996094,97.23999786376953,155.87161254882812,28.587844848632812,60.37662887573242
2023-03-29,26.96461296081543,11926.240234375,96.08999633789062,204.2295684814453,100.78556060791016,101.29786682128906,193.8800048828125,275.61248779296875,100.25,158.95643615722656,30.76438331604004,60.45394515991211
2023-03-30,27.363325119018555,12013.4697265625,97.87999725341797,206.7060089111328,100.28853607177734,100.72130584716797,195.27999877929688,279.0906982421875,102.0,160.52847290039062,31.320720672607422,61.25129318237305
2023-03-31,27.757043838500977,12221.91015625,98.01000213623047,210.7836456298828,103.11161041259766,103.38546752929688,207.4600067138672,283.2664489746094,103.29000091552734,163.03982543945312,31.886812210083008,62.00419235229492
2023-04-03,27.94490623474121,12189.4501953125,96.55999755859375,211.907470703125,103.73784637451172,104.29008483886719,194.77000427246094,282.2151794433594,102.41000366210938,164.29550170898438,32.101539611816406,62.094078063964844
2023-04-04,27.43327522277832,12126.330078125,95.87000274658203,213.54847717285156,104.09571075439453,104.49884796142578,192.5800018310547,282.166015625,103.94999694824219,163.7615966796875,32.30650329589844,61.315086364746094
2023-04-05,26.8616886138916,11996.8603515625,92.55999755859375,210.32615661621094,103.8471908569336,104.32984161376953,185.52000427246094,279.3756408691406,101.0999984741211,161.9126739501953,32.04298400878906,60.79318618774414
2023-04-06,27.017574310302734,12087.9599609375,92.47000122070312,214.92091369628906,107.77364349365234,108.25650787353516,185.05999755859375,286.5088806152344,102.05999755859375,162.8025360107422,32.023460388183594,60.177528381347656
2023-04-10,27.559186935424805,12084.3603515625,95.4800033569336,213.57830810546875,105.80545043945312,106.31802368164062,184.50999450683594,284.3374328613281,102.16999816894531,160.2022247314453,31.74040985107422,60.63660430908203
2023-04-11,27.14948272705078,12031.8798828125,94.02999877929688,212.68319702148438,104.7219467163086,105.49293518066406,186.7899932861328,277.8919982910156,99.91999816894531,158.986083984375,31.574485778808594,60.07411575317383
2023-04-12,26.475967407226562,11929.33984375,92.33000183105469,212.83236694335938,104.01618194580078,104.59825897216797,180.5399932861328,278.5403747558594,97.83000183105469,158.29397583007812,31.252399444580078,59.603431701660156
2023-04-13,26.443986892700195,12166.26953125,92.08999633789062,219.14773559570312,106.78955841064453,107.55071258544922,185.89999389648438,284.779541015625,102.4000015258789,163.6923828125,31.35976219177246,60.33216094970703
2023-04-14,26.738771438598633,12123.4697265625,91.75,220.2815399169922,108.2209701538086,108.81320190429688,185.0,281.1441955566406,102.51000213623047,163.34632873535156,31.125516891479492,59.8779182434082
2023-04-17,26.982603073120117,12157.7197265625,89.87000274658203,217.66586303710938,105.33826446533203,105.7911605834961,187.0399932861328,283.7577209472656,102.73999786376953,163.36611938476562,31.369522094726562,60.63371276855469
2023-04-18,27.647123336791992,12153.41015625,89.77999877929688,216.701171875,103.87701416015625,104.49884796142578,184.30999755859375,283.335205078125,102.30000305175781,164.59210205078125,31.06695556640625,61.11309051513672
2023-04-19,27.91093635559082,12157.23046875,89.94000244140625,214.52310180664062,103.55892181396484,104.39942932128906,180.58999633789062,283.4137878417969,104.30000305175781,165.73902893066406,30.403255462646484,61.32378387451172
2023-04-20,27.084531784057617,12059.5595703125,90.11000061035156,211.907470703125,104.66230773925781,105.27423858642578,162.99000549316406,281.11468505859375,103.80999755859375,164.7700653076172,30.120208740234375,61.18074417114258
2023-04-21,27.099515914916992,12072.4599609375,88.43000030517578,211.72845458984375,104.7815933227539,105.2841796875,165.0800018310547,280.77081298828125,106.95999908447266,163.15847778320312,29.57362937927246,61.16914749145508
2023-04-24,27.022573471069336,12037.2001953125,87.56999969482422,211.62899780273438,105.33826446533203,106.1490249633789,162.5500030517578,276.85040283203125,106.20999908447266,163.46498107910156,28.948972702026367,61.3276481628418
2023-04-25,26.222145080566406,11799.16015625,83.80000305175781,206.4176025390625,103.23088836669922,103.99185943603516,160.6699981689453,270.61138916015625,102.56999969482422,161.92259216308594,28.187673568725586,60.11760330200195
2023-04-26,26.936634063720703,11854.349609375,85.94000244140625,208.25747680664062,103.09172058105469,103.83279418945312,153.75,290.2130126953125,104.9800033569336,161.9126739501953,28.353595733642578,59.554141998291016
2023-04-27,27.206439971923828,12142.240234375,87.44000244140625,237.2583770751953,106.94859313964844,107.72964477539062,160.19000244140625,299.5078430175781,109.81999969482422,166.51023864746094,29.144180297851562,59.76870346069336
2023-04-28,27.729066848754883,12226.580078125,89.37000274658203,239.0087890625,106.70008087158203,107.58052825927734,164.30999755859375,301.8953857421875,105.44999694824219,167.7659149169922,30.315414428710938,60.55059814453125
2023-05-01,28.889232635498047,12212.599609375,89.69000244140625,241.85317993164062,106.5609130859375,107.07353973388672,161.8300018310547,300.22509765625,102.05000305175781,167.6769256591797,29.57362937927246,61.657222747802734
2023-05-02,28.189733505249023,12080.509765625,89.91000366210938,237.93466186523438,104.69212341308594,105.35376739501953,160.30999755859375,300.0777587890625,103.62999725341797,166.63877868652344,29.056339263916016,59.18204879760742
2023-05-03,27.782024383544922,12025.330078125,81.62000274658203,235.73672485351562,104.7815933227539,105.49293518066406,160.61000061035156,299.08538818359375,103.6500015258789,165.56106567382812,29.915241241455078,59.26516342163086
2023-05-04,27.542198181152344,11966.400390625,86.61000061035156,232.24586486816406,104.06587982177734,104.58830261230469,161.1999969482422,300.0777587890625,104.0,163.91978454589844,30.61595916748047,58.97134780883789
2023-05-05,28.659395217895508,12235.41015625,89.83999633789062,231.50990295410156,104.94063568115234,105.58737182617188,170.05999755859375,305.2262268066406,105.66000366210938,171.61203002929688,30.370952606201172,60.90046691894531
2023-05-08,29.130056381225586,12256.919921875,95.04000091552734,231.9972686767578,107.12752532958984,107.60040283203125,171.7899932861328,303.26123046875,105.83000183105469,171.5428009033203,30.15534782409668,60.79801559448242
2023-05-09,28.550472259521484,12179.5498046875,95.05999755859375,232.09669494628906,106.71002960205078,107.30219268798828,169.14999389648438,301.6399841308594,106.62000274658203,169.8323516845703,29.49873161315918,59.77836990356445
2023-05-10,28.86425018310547,12306.4404296875,97.0199966430664,231.8083038330078,111.08379364013672,111.61653900146484,168.5399932861328,306.85723876953125,110.19000244140625,171.60214233398438,29.371328353881836,60.52836608886719
2023-05-11,28.557470321655273,12328.509765625,97.0999984741211,234.5034942626953,115.87505340576172,116.20923614501953,172.0800018310547,304.6956481933594,112.18000030517578,171.7899932861328,28.28350067138672,60.663665771484375
2023-05-12,28.319639205932617,12284.740234375,95.26000213623047,232.53428649902344,116.80945587158203,117.22320556640625,167.97999572753906,303.57562255859375,110.26000213623047,170.8593292236328,28.3717041015625,61.0000114440918
2023-05-15,28.932201385498047,12365.2099609375,97.4000015258789,237.55673217773438,115.81541442871094,116.26887512207031,166.35000610351562,304.0570373535156,111.19999694824219,170.36427307128906,29.204723358154297,61.836021423339844
2023-05-16,29.1920108795166,12343.0498046875,101.4800033569336,237.5169677734375,118.79753875732422,119.38038635253906,166.52000427246094,306.2971496582031,113.4000015258789,170.36427307128906,28.636310577392578,61.99452590942383
2023-05-17,30.156320571899414,12500.5703125,103.75,241.16697692871094,120.11959838867188,120.76216888427734,173.86000061035156,309.19219970703125,115.5,170.97813415527344,28.293302536010742,63.54380798339844
2023-05-18,31.655241012573242,12688.83984375,107.93000030517578,245.50315856933594,122.09774017333984,122.79010772705078,176.88999938964844,313.6429443359375,118.1500015258789,173.31472778320312,29.087121963500977,65.51836395263672
2023-05-19,31.24153709411621,12657.900390625,105.81999969482422,244.2997589111328,122.02815246582031,122.52171325683594,180.13999938964844,313.4657287597656,116.25,173.4236297607422,29.332128524780273,65.93877410888672
2023-05-22,31.15360450744629,12720.7802734375,108.0,246.9651336669922,124.30451202392578,125.12623596191406,188.8699951171875,316.26226806640625,115.01000213623047,172.47314453125,29.675134658813477,65.56377410888672
2023-05-23,30.665950775146484,12560.25,108.12000274658203,245.39376831054688,121.829345703125,122.56147766113281,185.77000427246094,310.43292236328125,114.98999786376953,169.85934448242188,28.920516967773438,66.34952545166016
2023-05-24,30.51605987548828,12484.16015625,108.2699966430664,247.8502960205078,120.17924499511719,120.92123413085938,182.89999389648438,309.04449462890625,116.75,170.1365509033203,28.420705795288086,65.6758804321289
2023-05-25,37.95271301269531,12698.08984375,120.3499984741211,251.31130981445312,122.74385833740234,123.6152114868164,184.47000122070312,320.9296875,115.0,171.27516174316406,26.852664947509766,70.43778991699219
2023-05-26,38.91801834106445,12975.6904296875,127.02999877929688,260.6102600097656,123.86712646484375,124.6888198852539,193.1699981689453,327.79296875,120.11000061035156,173.69094848632812,28.420705795288086,78.5495376586914
2023-05-30,40.082183837890625,13017.4296875,125.2699966430664,261.0876770019531,122.93273162841797,123.90349578857422,201.16000366210938,326.1386413574219,121.66000366210938,175.54241943359375,29.390928268432617,77.64199829101562
2023-05-31,37.806819915771484,12935.2900390625,118.20999908447266,263.2756652832031,122.13751220703125,122.64100646972656,203.92999267578125,323.3618469238281,120.58000183105469,175.492919921875,30.81196403503418,78.08850860595703
2023-06-01,39.74142837524414,13100.98046875,119.47000122070312,271.1225891113281,122.982421875,123.63509368896484,207.52000427246094,327.4877014160156,122.7699966430664,178.30474853515625,30.508155822753906,76.34788513183594
2023-06-02,39.29874801635742,13240.76953125,117.86000061035156,271.1225891113281,123.92676544189453,124.49002075195312,213.97000122070312,330.2645263671875,124.25,179.15623474121094,30.684560775756836,78.4789810180664
2023-06-05,39.14285659790039,13229.4296875,117.93000030517578,269.9093017578125,125.2587890625,125.88174438476562,217.61000061035156,330.7962646484375,125.30000305175781,177.79983520507812,29.263526916503906,77.5414810180664
2023-06-06,38.626224517822266,13276.419921875,124.2300033569336,269.6407165527344,126.55103302001953,127.15418243408203,221.30999755859375,328.5708312988281,126.61000061035156,177.43350219726562,30.341550827026367,76.35269927978516
2023-06-07,37.45195007324219,13104.900390625,117.83000183105469,262.1617736816406,121.76969909667969,122.21353912353516,224.57000732421875,318.4285583496094,121.2300033569336,176.0572509765625,30.655162811279297,76.60689544677734
2023-06-08,38.48631286621094,13238.51953125,121.05000305175781,263.1363830566406,121.41184997558594,121.94513702392578,234.86000061035156,320.27978515625,124.25,178.78001403808594,31.184371948242188,77.7251205444336
2023-06-09,38.746158599853516,13259.1396484375,124.91999816894531,263.50439453125,121.5013198852539,122.14395904541016,244.39999389648438,321.7863464355469,123.43000030517578,179.16615295410156,30.713960647583008,77.76570892333984
2023-06-12,39.45771789550781,13461.919921875,129.19000244140625,269.57110595703125,122.90290069580078,123.6152114868164,249.8300018310547,326.7688903808594,126.56999969482422,181.9680938720703,32.409400939941406,82.669677734375
2023-06-13,40.996768951416016,13573.3203125,124.52999877929688,269.83966064453125,123.09178161621094,123.69474792480469,258.7099914550781,329.1715393066406,126.66000366210938,181.4928436279297,33.23262405395508,82.25990295410156
2023-06-14,42.97055435180664,13626.48046875,127.33000183105469,271.85858154296875,122.93273162841797,123.64502716064453,256.7900085449219,332.1748352050781,126.41999816894531,182.12649536132812,34.869266510009766,85.64839172363281
2023-06-15,42.62677001953125,13782.8203125,124.23999786376953,280.29229736328125,124.3442611694336,125.04669952392578,255.89999389648438,342.77008056640625,127.11000061035156,184.1660919189453,35.104469299316406,85.38262176513672
2023-06-16,42.665740966796875,13689.5703125,120.08000183105469,279.4668273925781,122.79356384277344,123.32691955566406,260.5400085449219,337.0884094238281,125.48999786376953,183.08688354492188,35.64348220825195,83.9019546508789
2023-06-20,43.78105545043945,13667.2900390625,118.93000030517578,282.7786560058594,122.36611938476562,123.11815643310547,274.45001220703125,332.8739318847656,125.77999877929688,183.17596435546875,34.300846099853516,83.89422607421875
2023-06-21,43.018524169921875,13502.2001953125,112.11000061035156,280.10333251953125,119.83132934570312,120.54347229003906,259.4599914550781,328.4526672363281,124.83000183105469,182.13641357421875,32.2427978515625,82.3619613647461
2023-06-22,42.998538970947266,13630.6103515625,110.69999694824219,283.3256530761719,122.41584014892578,123.13805389404297,264.6099853515625,334.508544921875,130.14999389648438,185.14625549316406,32.05659484863281,81.85376739501953
2023-06-23,42.18304443359375,13492.51953125,110.01000213623047,287.1546936035156,121.61065673828125,122.29306030273438,256.6000061035156,329.8903503417969,129.3300018310547,184.82940673828125,32.34080123901367,79.88328552246094
2023-06-26,40.60700988769531,13335.7802734375,107.51000213623047,276.9506530761719,117.63450622558594,118.38629150390625,241.0500030517578,323.5686340332031,127.33000183105469,183.4334259033203,32.674007415771484,79.832763671875
2023-06-27,41.85024642944336,13555.669921875,110.38999938964844,285.4837951660156,117.62456512451172,118.3067626953125,250.2100067138672,329.44720458984375,129.17999267578125,186.1957550048828,33.418827056884766,82.43384552001953
2023-06-28,41.091712951660156,13591.75,110.16999816894531,283.7333984375,119.46353912353516,120.36454010009766,256.239990234375,330.7076416015625,129.0399932861328,187.37396240234375,32.899410247802734,82.38915252685547
2023-06-29,40.79689407348633,13591.330078125,111.23999786376953,279.99395751953125,118.38997650146484,119.30084991455078,257.5,329.91986083984375,127.9000015258789,187.7105712890625,32.252601623535156,83.81066131591797
2023-06-30,42.27598190307617,13787.919921875,113.91000366210938,285.4142150878906,118.98639678955078,120.25518035888672,261.7699890136719,335.3258056640625,130.36000061035156,192.04718017578125,32.772010803222656,84.28287506103516
2023-07-03,42.38691329956055,13816.76953125,115.81999969482422,284.45941162109375,119.18521118164062,119.84760284423828,279.82000732421875,332.8149108886719,130.22000122070312,190.55215454101562,32.94841766357422,85.1583251953125
2023-07-05,42.29097366333008,13791.650390625,113.94999694824219,292.7638854980469,121.02417755126953,121.90536499023438,282.4800109863281,332.9723815917969,130.3800048828125,189.43333435058594,31.8605899810791,83.7416763305664
2023-07-06,42.07710647583008,13679.0400390625,113.4800033569336,290.3968505859375,119.39395141601562,120.21541595458984,276.5400085449219,336.04461669921875,128.36000061035156,189.9085693359375,31.331375122070312,82.3949966430664
2023-07-07,42.47685623168945,13660.7197265625,113.16999816894531,288.9447937011719,118.76770782470703,119.43009185791016,274.42999267578125,332.0566711425781,129.77999877929688,188.789794921875,31.213775634765625,82.2735366821289
2023-07-10,42.154056549072266,13685.48046875,113.58000183105469,292.4953918457031,115.75576782226562,116.1794204711914,269.6099853515625,326.7491760253906,127.12999725341797,186.7403106689453,32.085994720458984,85.28367614746094
2023-07-11,42.3789176940918,13760.7001953125,111.31999969482422,296.6624755859375,116.44165802001953,117.01445007324219,269.7900085449219,327.3793640136719,128.77999877929688,186.21554565429688,32.634803771972656,85.70341491699219
2023-07-12,43.875,13918.9599609375,114.58000183105469,307.6521911621094,118.22098541259766,118.91315460205078,271.989990234375,332.0369567871094,130.8000030517578,187.88882446289062,33.30122756958008,86.47101593017578
2023-07-13,45.948726654052734,14138.5703125,115.91999816894531,311.70001220703125,123.79754638671875,124.09236907958984,277.8999938964844,337.413330078125,134.3000030517578,188.6511688232422,33.19342041015625,86.51084899902344
2023-07-14,45.441036224365234,14113.7001953125,115.94000244140625,307.1847839355469,124.67228698730469,124.95722961425781,281.3800048828125,339.953857421875,134.67999267578125,188.79969787597656,32.48780822753906,86.33788299560547
2023-07-17,46.43242645263672,14244.9501953125,118.31999969482422,308.9251708984375,123.90689086914062,124.32100677490234,290.3800048828125,340.43634033203125,133.55999755859375,192.0669708251953,33.683433532714844,88.45315551757812
2023-07-18,47.464786529541016,14353.6396484375,117.93000030517578,310.347412109375,123.02218627929688,123.34680938720703,293.3399963378906,353.9856262207031,132.8300018310547,191.80955505371094,33.81083679199219,87.78077697753906
2023-07-19,47.04805374145508,14358.01953125,116.43000030517578,314.28582763671875,121.30250549316406,122.05448913574219,291.260009765625,349.64312744140625,135.36000061035156,193.16598510742188,33.771629333496094,87.58062744140625
2023-07-20,45.49200439453125,14063.3095703125,110.25,300.869384765625,118.4893798828125,118.82369995117188,262.8999938964844,341.55889892578125,129.9600067138672,191.2154998779297,32.70341110229492,86.3145751953125
2023-07-21,44.28174591064453,14032.8095703125,110.94999694824219,292.654541015625,119.30448913574219,119.59908294677734,260.0199890136719,338.5063781738281,130.0,190.03729248046875,33.340423583984375,87.1317367553711
2023-07-24,44.584564208984375,14058.8701171875,110.61000061035156,290.0189208984375,120.80548858642578,121.15979766845703,269.05999755859375,339.8258056640625,128.8000030517578,190.83926391601562,32.95821762084961,87.60199737548828
2023-07-25,45.650909423828125,14144.5595703125,113.0,292.86334228515625,121.48143768310547,122.06443786621094,265.2799987792969,345.60595703125,129.1300048828125,191.7006378173828,33.418827056884766,89.19548034667969
2023-07-26,45.424049377441406,14127.2802734375,110.08999633789062,296.94097900390625,128.4993438720703,128.89382934570312,264.3500061035156,332.5982666015625,128.14999389648438,192.57192993164062,33.67363739013672,86.77610778808594
2023-07-27,45.87177658081055,14050.1103515625,111.0999984741211,310.0092468261719,128.62857055664062,129.10260009765625,255.7100067138672,325.65618896484375,128.25,191.3046112060547,33.85983657836914,86.81886291503906
2023-07-28,46.721248626708984,14316.66015625,112.95999908447266,323.70416259765625,131.7896270751953,132.22402954101562,266.44000244140625,333.18902587890625,132.2100067138672,193.8887481689453,36.09429168701172,87.42710876464844
2023-07-31,46.700260162353516,14346.01953125,114.4000015258789,316.8616943359375,131.92877197265625,132.3234405517578,267.42999267578125,330.7765808105469,133.67999267578125,194.50257873535156,35.05546951293945,87.31633758544922
2023-08-01,46.478397369384766,14283.91015625,117.5999984741211,320.9491882324219,130.76576232910156,131.11065673828125,261.07000732421875,331.19012451171875,131.69000244140625,193.67091369628906,35.08486557006836,89.39077758789062
2023-08-02,44.24177551269531,13973.4501953125,109.3499984741211,312.5950622558594,127.6146469116211,127.8798599243164,254.11000061035156,322.4854736328125,128.2100067138672,190.67095947265625,33.70303726196289,86.69934844970703
2023-08-03,44.48762130737305,13959.7197265625,113.1500015258789,311.4811706542969,127.68421936035156,128.00909423828125,259.32000732421875,321.6583557128906,128.91000366210938,189.27491760253906,34.17344665527344,85.98810577392578
2023-08-04,44.65251922607422,13909.240234375,115.81999969482422,309.0346374511719,127.34625244140625,127.78044128417969,253.86000061035156,322.7611999511719,139.57000732421875,180.18594360351562,34.56195068359375,85.66454315185547
2023-08-07,45.38907241821289,13994.400390625,116.80999755859375,314.8327941894531,130.74586486816406,131.1603546142578,251.4499969482422,325.0555114746094,142.22000122070312,177.0770721435547,34.65047073364258,87.16184997558594
2023-08-08,44.63653564453125,13884.3203125,113.2300033569336,310.9341735839844,130.6166229248047,131.0609588623047,249.6999969482422,321.05767822265625,139.94000244140625,178.0176239013672,34.44392395019531,85.81126403808594
2023-08-09,42.52783203125,13722.01953125,110.47000122070312,303.5447082519531,128.8870086669922,129.3809356689453,242.19000244140625,317.29620361328125,137.85000610351562,176.42359924316406,33.716094970703125,82.66024017333984
2023-08-10,42.361934661865234,13737.990234375,110.2300033569336,304.07183837890625,128.91685485839844,129.44058227539062,245.33999633789062,317.9855041503906,138.55999755859375,176.20578002929688,34.10951614379883,81.89944458007812
2023-08-11,40.82987594604492,13644.849609375,107.56999969482422,299.9942321777344,128.78761291503906,129.4008331298828,242.64999389648438,316.09490966796875,138.41000366210938,176.2652587890625,34.31605911254883,80.6227035522461
2023-08-14,43.72608947753906,13788.330078125,111.9800033569336,304.5194091796875,130.54705810546875,131.05104064941406,239.75999450683594,319.0784606933594,140.57000732421875,177.92095947265625,35.09306335449219,82.98767852783203
2023-08-15,43.9129753112793,13631.0498046875,111.3499984741211,300.30255126953125,129.0063018798828,129.50022888183594,232.9600067138672,316.93182373046875,137.6699981689453,175.9281768798828,34.19803237915039,81.86253356933594
2023-08-16,43.45925521850586,13474.6298828125,107.19000244140625,292.6843566894531,127.9327392578125,128.3470916748047,225.60000610351562,316.16217041015625,135.07000732421875,175.0557403564453,32.978431701660156,80.93656158447266
2023-08-17,43.31733703613281,13316.9296875,104.44000244140625,283.5345153808594,129.1454620361328,129.68911743164062,219.22000122070312,312.6887512207031,133.97999572753906,172.5077667236328,32.044063568115234,80.36426544189453
2023-08-18,43.272369384765625,13290.7802734375,105.44999694824219,281.70452880859375,126.70013427734375,127.35299682617188,215.49000549316406,312.29400634765625,133.22000122070312,172.9935760498047,32.21126174926758,80.24182891845703
2023-08-21,46.93811798095703,13497.58984375,108.22000122070312,288.3182678222656,127.60469055175781,128.16815185546875,231.27999877929688,317.6226501464844,134.67999267578125,174.3319854736328,32.5948486328125,84.06037139892578
2023-08-22,45.63991165161133,13505.8701171875,105.66000366210938,286.0307922363281,128.31048583984375,128.9236602783203,233.19000244140625,318.1949157714844,134.25,175.7100372314453,32.34896469116211,83.15188598632812
2023-08-23,47.087032318115234,13721.0302734375,109.43000030517578,292.6345520019531,131.58087158203125,132.4228515625,236.86000061035156,322.6748352050781,135.52000427246094,179.5666961669922,33.4210319519043,85.17193603515625
2023-08-24,47.13399124145508,13463.9697265625,101.80000305175781,285.18548583984375,129.0063018798828,129.6493377685547,230.0399932861328,315.73785400390625,131.83999633789062,174.8673553466797,32.053897857666016,83.02266693115234
2023-08-25,45.98969650268555,13590.650390625,102.25,283.9422607421875,129.105712890625,129.91775512695312,238.58999633789062,318.70806884765625,133.25999450683594,177.07823181152344,32.703041076660156,82.76615142822266
2023-08-28,46.80619430541992,13705.1298828125,102.61000061035156,288.6763000488281,130.2289581298828,131.01126098632812,238.82000732421875,319.41851806640625,133.13999938964844,178.6446990966797,33.066951751708984,83.66588592529297
2023-08-29,48.75399398803711,13943.759765625,105.91999816894531,296.3641357421875,133.7677764892578,134.68939208984375,257.17999267578125,324.0662536621094,134.91000366210938,182.5409698486328,33.745601654052734,86.46906280517578
2023-08-30,49.23370361328125,14019.3095703125,106.58999633789062,293.4898681640625,135.06993103027344,136.12088012695312,256.8999938964844,324.4411926269531,135.07000732421875,186.04071044921875,33.961978912353516,86.69739532470703
2023-08-31,49.324649810791016,14034.9697265625,105.72000122070312,294.275634765625,135.3582305908203,136.53839111328125,258.0799865722656,323.42486572265625,138.00999450683594,186.25881958007812,34.56195068359375,89.67158508300781
2023-09-01,48.47916793823242,14031.8095703125,109.44999694824219,294.7629089355469,134.85125732421875,135.9916229248047,245.00999450683594,324.31292724609375,138.1199951171875,187.83517456054688,36.00777053833008,84.77745056152344
2023-09-05,48.51814651489258,14020.9501953125,110.77999877929688,298.5123291015625,134.96063232421875,135.9021759033203,256.489990234375,329.13824462890625,137.27000427246094,188.07310485839844,36.106117248535156,84.7434310913086
2023-09-06,47.03593444824219,13872.4697265625,109.27999877929688,297.5376892089844,133.6584014892578,134.57008361816406,251.9199981689453,328.4771423339844,135.36000061035156,181.3413543701172,36.371681213378906,84.7531509399414
2023-09-07,46.216373443603516,13748.830078125,106.58999633789062,297.0404357910156,134.45364379882812,135.3951873779297,251.49000549316406,325.54638671875,137.85000610351562,176.03724670410156,37.55194091796875,83.27238464355469
2023-09-08,45.547725677490234,13761.5302734375,106.08999633789062,296.2646484375,135.5669708251953,136.38929748535156,248.5,329.84869384765625,138.22999572753906,176.6519012451172,37.384735107421875,83.32289123535156
2023-09-11,45.153934478759766,13917.8896484375,105.31999969482422,305.88189697265625,136.10374450683594,136.92608642578125,273.5799865722656,333.4701843261719,143.10000610351562,177.82180786132812,37.955196380615234,83.4773941040039
2023-09-12,44.846099853515625,13773.6103515625,105.30999755859375,300.01409912109375,134.53317260742188,135.26596069335938,267.4800109863281,327.3817443847656,141.22999572753906,174.78805541992188,38.22075653076172,82.05685424804688
2023-09-13,45.46076965332031,13813.58984375,107.70999908447266,303.3955383300781,135.89498901367188,136.6875,271.29998779296875,331.61505126953125,144.85000610351562,172.71597290039062,38.07322692871094,82.87400817871094
2023-09-14,45.556724548339844,13926.0498046875,106.62999725341797,310.0191955566406,137.27670288085938,138.168701171875,276.0400085449219,334.2201232910156,144.72000122070312,174.2328643798828,38.03388214111328,84.69194030761719
2023-09-15,43.876617431640625,13708.330078125,101.48999786376953,298.67144775390625,136.58087158203125,137.4827880859375,274.3900146484375,325.852294921875,140.38999938964844,173.5091094970703,37.256874084472656,82.75255584716797
2023-09-18,43.94257736206055,13710.240234375,102.37000274658203,300.89923095703125,137.38604736328125,138.13888549804688,265.2799987792969,324.7076416015625,139.97999572753906,176.4437255859375,37.36506652832031,82.58930206298828
2023-09-19,43.4968147277832,13678.1904296875,101.61000061035156,303.405517578125,137.21705627441406,138.0096435546875,266.5,324.3030090332031,137.6300048828125,177.53431701660156,35.742210388183594,82.51158142089844
2023-09-20,42.21649932861328,13469.1298828125,100.33999633789062,298.0350036621094,132.9427032470703,133.794677734375,262.5899963378906,316.5272521972656,135.2899932861328,173.98500061035156,34.11935043334961,81.14094543457031
2023-09-21,40.995147705078125,13223.98046875,96.11000061035156,294.1164855957031,129.66236877441406,130.58377075195312,255.6999969482422,315.3036193847656,129.3300018310547,172.4383544921875,34.08000946044922,78.97118377685547
2023-09-22,41.58782958984375,13211.8095703125,96.19999694824219,297.4481506347656,129.47349548339844,130.47445678710938,244.8800048828125,312.8170166015625,129.1199951171875,173.29100036621094,33.617740631103516,80.99536895751953
2023-09-25,42.19950485229492,13271.3203125,97.37999725341797,299.1885986328125,130.328369140625,131.3889923095703,246.99000549316406,313.3399658203125,131.27000427246094,174.56993103027344,33.725929260253906,81.46528625488281
2023-09-26,41.888671875,13063.6103515625,95.95999908447266,297.32879638671875,127.80351257324219,128.68507385253906,244.1199951171875,308.01141357421875,125.9800033569336,170.4852752685547,33.273502349853516,79.73612976074219
2023-09-27,42.44538116455078,13092.849609375,98.06999969482422,296.115478515625,129.7617645263672,130.68321228027344,240.5,308.65283203125,125.9800033569336,168.9683837890625,34.040672302246094,79.79668426513672
2023-09-28,43.06604766845703,13201.2802734375,102.76000213623047,302.301513671875,131.52120971679688,132.3433380126953,246.3800048828125,309.4915771484375,125.9800033569336,169.2261505126953,34.601287841796875,81.28065490722656
2023-09-29,43.475833892822266,13219.3203125,102.81999969482422,298.5719909667969,130.0798797607422,131.07089233398438,250.22000122070312,311.5736999511719,127.12000274658203,169.74171447753906,34.965206146240234,81.14192962646484
2023-10-02,44.75814437866211,13307.76953125,103.2699966430664,305.14593505859375,133.37013244628906,134.3712615966797,251.60000610351562,317.5436096191406,129.4600067138672,172.25991821289062,34.87668228149414,81.56884765625
2023-10-03,43.493812561035156,13059.4697265625,100.08000183105469,299.29803466796875,131.6405029296875,132.51231384277344,246.52999877929688,309.2449035644531,124.72000122070312,170.9214630126953,35.102901458740234,79.60326385498047
2023-10-04,44.017547607421875,13236.009765625,104.06999969482422,303.9127197265625,134.43374633789062,135.4647979736328,261.1600036621094,314.7412109375,127.0,172.17066955566406,35.338951110839844,80.48053741455078
2023-10-05,44.6641960144043,13219.830078125,102.91000366210938,303.12701416015625,134.2647705078125,135.18643188476562,260.04998779296875,315.1358947753906,125.95999908447266,173.4099578857422,35.29960632324219,80.48542022705078
2023-10-06,45.73762130737305,13431.33984375,107.23999786376953,313.7089538574219,136.75979614257812,137.9102325439453,260.5299987792969,322.931396484375,127.95999908447266,175.9678497314453,35.59467697143555,82.57606506347656
2023-10-09,45.248878479003906,13484.240234375,106.97000122070312,316.6229553222656,137.5948028564453,138.67568969726562,259.6700134277344,325.4575500488281,128.25999450683594,177.4550018310547,35.46681594848633,83.61355590820312
2023-10-10,45.77360534667969,13562.83984375,109.01000213623047,320.083984375,137.2369384765625,138.37747192382812,263.6199951171875,324.0465087890625,129.47999572753906,176.86012268066406,35.83073043823242,83.86072540283203
2023-10-11,46.781070709228516,13659.6796875,108.30999755859375,326.0313720703125,139.71209716796875,140.86268615722656,262.989990234375,328.023193359375,131.8300018310547,178.2580108642578,36.2733268737793,85.4384765625
2023-10-12,46.91999053955078,13574.2197265625,108.79000091552734,322.3913269042969,138.14151000976562,139.4610137939453,258.8699951171875,326.77984619140625,132.3300018310547,179.1602325439453,36.233985900878906,88.47085571289062
2023-10-13,45.43678283691406,13407.23046875,105.08999633789062,312.9730224609375,136.54112243652344,137.76112365722656,251.1199951171875,323.3952331542969,129.7899932861328,177.31619262695312,35.3782958984375,86.28058624267578
2023-10-16,46.0704460144043,13567.98046875,106.45999908447266,319.3977355957031,138.270751953125,139.65985107421875,253.9199981689453,328.240234375,132.5500030517578,177.1873016357422,35.958587646484375,88.17484283447266
2023-10-17,43.91459655761719,13533.75,105.13999938964844,322.2322082519531,138.88705444335938,140.15689086914062,254.85000610351562,327.66790771484375,131.47000122070312,175.6307373046875,35.46681594848633,86.39977264404297
2023-10-18,42.17352294921875,13314.2998046875,102.16999816894531,315.2405700683594,137.1375274658203,138.45700073242188,242.67999267578125,325.74371337890625,128.1300048828125,174.3319854736328,35.05372619628906,86.65670013427734
2023-10-19,42.078575134277344,13186.1796875,102.4000015258789,311.1032409667969,136.92880249023438,138.1587677001953,220.11000061035156,326.9377136230469,128.39999389648438,173.95526123046875,35.083229064941406,84.7809829711914
2023-10-20,41.364952087402344,12983.8095703125,101.80999755859375,306.9659729003906,134.79159545898438,135.9320068359375,211.99000549316406,322.3492431640625,125.16999816894531,171.3973846435547,34.34556579589844,83.39376068115234
2023-10-23,42.95210647583008,13018.330078125,100.01000213623047,312.2967529296875,135.68624877929688,137.08514404296875,212.0800018310547,324.9642028808594,126.55999755859375,171.51634216308594,33.29316711425781,84.23294067382812
2023-10-24,43.639739990234375,13139.8701171875,101.66999816894531,310.84466552734375,137.9824676513672,139.29202270507812,216.52000427246094,326.1581726074219,128.55999755859375,171.9525604248047,34.020999908447266,86.07835388183594
2023-10-25,41.75674057006836,12821.2197265625,96.05999755859375,297.89569091796875,124.86116790771484,125.92150115966797,212.4199981689453,336.1640625,121.38999938964844,169.6326446533203,32.28995132446289,83.00297546386719
2023-10-26,40.30451965332031,12595.6103515625,93.66999816894531,286.7767333984375,121.55101776123047,122.71058654785156,205.75999450683594,323.5531005859375,119.56999969482422,165.45875549316406,31.985044479370117,80.76775360107422
2023-10-27,40.478424072265625,12643.009765625,96.43000030517578,295.1109924316406,121.4416732788086,122.67082214355469,207.3000030517578,325.44769287109375,127.73999786376953,166.77734375,34.95536804199219,81.90196990966797
2023-10-30,41.139076232910156,12789.48046875,96.18000030517578,301.0086669921875,123.718017578125,125.0069351196289,197.36000061035156,332.8485412597656,132.7100067138672,168.82957458496094,35.102901458740234,82.18431091308594
2023-10-31,40.75827407836914,12851.240234375,98.5,299.6261901855469,123.34028625488281,124.55960845947266,200.83999633789062,333.637939453125,133.08999633789062,169.3054962158203,35.899574279785156,82.19603729248047
2023-11-01,42.302459716796875,13061.4697265625,108.04000091552734,310.1485290527344,125.69615173339844,126.81617736816406,205.66000366210938,341.4926452636719,137.0,172.47804260253906,36.67658233642578,83.32633972167969
2023-11-02,43.48282241821289,13294.1904296875,107.83000183105469,309.1738586425781,126.7299575805664,127.82022094726562,218.50999450683594,343.712890625,138.07000732421875,176.04714965820312,37.07984161376953,85.11998748779297
2023-11-03,44.98102569580078,13478.2802734375,112.25,312.88348388671875,128.33035278320312,129.59963989257812,219.9600067138672,348.1336364746094,138.60000610351562,175.1350555419922,37.512596130371094,86.23173522949219
2023-11-06,45.726627349853516,13518.7802734375,111.75,314.07696533203125,129.47349548339844,130.6732635498047,219.27000427246094,351.8143310546875,139.74000549316406,177.69290161132812,37.448455810546875,86.0510025024414
2023-11-07,45.93052291870117,13639.8603515625,113.44999694824219,317.0804748535156,130.189208984375,131.6176300048828,222.17999267578125,355.76141357421875,142.7100067138672,180.26071166992188,38.25761795043945,87.71080017089844
2023-11-08,46.5491943359375,13650.41015625,113.58999633789062,318.0352478027344,131.05401611328125,132.47256469726562,222.11000061035156,358.3961181640625,142.0800018310547,181.321533203125,37.418853759765625,89.01110076904297
2023-11-09,46.92498779296875,13521.4501953125,113.48999786376953,318.801025390625,129.46356201171875,130.91184997558594,209.97999572753906,355.9192199707031,140.60000610351562,180.84564208984375,37.30044174194336,89.03553771972656
2023-11-10,48.30924987792969,13798.1103515625,118.58999633789062,326.9761962890625,131.79954528808594,133.26783752441406,214.64999389648438,364.780517578125,143.55999755859375,185.0448760986328,38.346435546875,93.54308319091797
2023-11-13,48.59409713745117,13767.740234375,116.79000091552734,327.39385986328125,131.3025360107422,132.85031127929688,223.7100067138672,361.83001708984375,142.58999633789062,183.45652770996094,37.72475814819336,92.50850677490234
2023-11-14,49.629547119140625,14094.3798828125,119.87999725341797,334.4750061035156,132.8234100341797,134.62974548339844,237.41000366210938,365.3725280761719,145.8000030517578,186.07733154296875,38.889163970947266,95.05146026611328
2023-11-15,48.861961364746094,14103.83984375,118.0,330.89471435546875,133.8174591064453,135.57411193847656,242.83999633789062,365.5208740234375,143.1999969482422,186.64317321777344,40.07330322265625,95.28984069824219
2023-11-16,49.45364761352539,14113.669921875,119.83000183105469,332.36663818359375,136.11367797851562,137.88043212890625,233.58999633789062,371.94793701171875,142.8300018310547,188.33082580566406,42.77709197998047,93.74140167236328
2023-11-17,49.27174377441406,14125.48046875,120.62000274658203,333.21197509765625,134.5033416748047,136.1308135986328,234.3000030517578,365.6988525390625,145.17999267578125,188.31097412109375,43.231014251708984,95.51746368408203
2023-11-20,50.38214874267578,14284.5302734375,121.52999877929688,338.1150817871094,135.43775939941406,137.1050262451172,235.60000610351562,373.20367431640625,146.1300048828125,190.0581817626953,44.14872360229492,97.27397918701172
2023-11-21,49.91739273071289,14199.98046875,119.16000366210938,335.1413879394531,136.1534423828125,137.8009033203125,241.1999969482422,368.8827209472656,143.89999389648438,189.25405883789062,43.063262939453125,95.85645294189453
2023-11-22,48.6900520324707,14265.8603515625,122.51000213623047,339.6268005371094,137.66436767578125,139.192626953125,234.2100067138672,373.60906982421875,146.7100067138672,189.91917419433594,43.09286117553711,94.95767974853516
2023-11-24,47.75055694580078,14250.849609375,122.30999755859375,336.3846130371094,135.8751220703125,137.40325927734375,235.4499969482422,373.19378662109375,146.74000549316406,188.58892822265625,43.3790283203125,95.62883758544922
2023-11-27,48.2162971496582,14241.01953125,122.6500015258789,332.8738708496094,135.59678649902344,137.2342529296875,236.0800018310547,374.36053466796875,147.72999572753906,188.41024780273438,43.4974479675293,92.83187866210938
2023-11-28,47.79552459716797,14281.759765625,122.01000213623047,337.1404113769531,136.38206481933594,137.8009033203125,246.72000122070312,378.4046325683594,147.02999877929688,189.0157928466797,43.64546203613281,92.45185089111328
2023-11-29,48.114356994628906,14258.490234375,123.8499984741211,330.3875427246094,134.18524169921875,135.59400939941406,244.13999938964844,374.59783935546875,146.32000732421875,187.99331665039062,44.3460807800293,91.91259002685547
2023-11-30,46.74508285522461,14226.2197265625,121.16000366210938,325.36505126953125,131.7399139404297,133.128662109375,240.0800018310547,374.65716552734375,146.08999633789062,188.569091796875,44.1092529296875,90.43741607666016
2023-12-01,46.740089416503906,14305.0302734375,121.38999938964844,323.0477294921875,131.07391357421875,132.5322265625,238.8300018310547,370.3065490722656,147.02999877929688,189.84970092773438,43.16194152832031,90.85456848144531
2023-12-04,45.48575210571289,14185.490234375,118.56999969482422,318.2738952636719,128.4993438720703,129.8581085205078,235.5800018310547,364.9967956542969,144.83999633789062,188.0528564453125,41.79030990600586,90.2654800415039
2023-12-05,46.545291900634766,14229.91015625,118.37999725341797,316.5533752441406,130.2091064453125,131.6077117919922,238.72000122070312,368.3388671875,146.8800048828125,192.0138397216797,41.365989685058594,89.20549774169922
2023-12-06,45.482757568359375,14146.7099609375,116.81999969482422,315.71795654296875,129.244873046875,130.65335083007812,239.3699951171875,364.6605529785156,144.52000427246094,190.92185974121094,40.72458267211914,88.27938079833984
2023-12-07,46.57527160644531,14339.990234375,128.3699951171875,324.80810546875,136.11367797851562,137.63189697265625,242.63999938964844,366.7864990234375,146.8800048828125,192.85768127441406,41.59295654296875,90.09842681884766
2023-12-08,47.48487091064453,14403.9697265625,128.9199981689453,330.9344787597656,134.18524169921875,135.83258056640625,243.83999633789062,370.0296630859375,147.4199981689453,194.28721618652344,42.135684967041016,92.25157928466797
2023-12-11,46.60626220703125,14432.490234375,134.41000366210938,323.5052185058594,132.49537658691406,133.904052734375,239.74000549316406,367.1325378417969,145.88999938964844,191.77560424804688,43.95136642456055,100.54964447021484
2023-12-12,47.63580322265625,14533.400390625,137.61000061035156,332.396484375,131.72996520996094,132.85031127929688,237.00999450683594,370.177978515625,147.47999572753906,193.2944793701172,43.45797348022461,104.75434112548828
2023-12-13,48.066612243652344,14733.9599609375,138.19000244140625,332.9136047363281,131.77969360351562,133.17837524414062,239.2899932861328,370.1681213378906,148.83999633789062,196.52085876464844,43.98097229003906,106.45518493652344
2023-12-14,48.328495025634766,14761.5595703125,138.0,331.3522033691406,131.1534423828125,132.4129180908203,251.0500030517578,361.8228759765625,147.4199981689453,196.66976928710938,44.582908630371094,108.09642791748047
2023-12-15,48.868255615234375,14813.919921875,139.14999389648438,333.0926513671875,131.80947875976562,133.04913330078125,253.5,366.5690002441406,149.97000122070312,196.13368225097656,45.549957275390625,110.36778259277344
2023-12-18,50.05472183227539,14904.8095703125,138.89999389648438,342.73968505859375,134.9904022216797,136.37933349609375,252.0800018310547,368.4673767089844,154.07000732421875,194.46591186523438,45.08616256713867,112.05396270751953
2023-12-19,49.581932067871094,15003.2197265625,140.14999389648438,348.4483947753906,135.83534240722656,137.2839813232422,257.2200012207031,369.07061767578125,153.7899932861328,195.50828552246094,46.04335021972656,111.84100341796875
2023-12-20,48.089595794677734,14777.9404296875,135.47000122070312,347.374267578125,137.5152587890625,138.83473205566406,247.13999938964844,366.460205078125,152.1199951171875,193.41360473632812,45.155242919921875,108.97525024414062
2023-12-21,48.96821212768555,14963.8701171875,139.91000366210938,352.1579895019531,139.5828857421875,140.9621124267578,254.5,369.347412109375,153.83999633789062,193.26467895507812,46.457801818847656,110.63482666015625
2023-12-22,48.80828094482422,14992.9697265625,139.60000610351562,351.4618835449219,140.64649963378906,141.8766632080078,252.5399932861328,370.3757019042969,153.4199981689453,192.1925506591797,47.365638732910156,110.11370086669922
2023-12-26,49.257076263427734,15074.5703125,143.41000366210938,352.8940124511719,140.67633056640625,141.97607421875,256.6099853515625,370.45489501953125,153.41000366210938,191.64654541015625,49.83259963989258,111.08629608154297
2023-12-27,49.395015716552734,15099.1796875,146.07000732421875,355.87762451171875,139.53317260742188,140.60423278808594,261.44000244140625,369.87152099609375,153.33999633789062,191.74583435058594,50.08916091918945,110.52490997314453
2023-12-28,49.49997329711914,15095.1396484375,148.75999450683594,356.364990234375,139.3939971923828,140.44517517089844,253.17999267578125,371.06787109375,153.3800048828125,192.17269897460938,49.724056243896484,110.15589141845703
2023-12-29,49.49997329711914,15011.349609375,147.41000366210938,352.02874755859375,138.8572235107422,140.09722900390625,248.47999572753906,371.81939697265625,151.94000244140625,191.1303253173828,49.58590316772461,109.55133819580078
